Route ID,Route Description,Kilometer
100-D,Hinjawadi Maan Phase 3 To Ma Na Pa,26.4
100-U,Ma Na Pa To Hinjawadi Maan Phase 3,26.4
101-D,Kondhwa Bk To Kothrud Depot,16.2
101-U,Kothrud Depot To Kondhwa Bk,16.2
102-D,Lohgaon To Kothrud Depot,23.6
102-U,Kothrud Depot To Lohgaon,23.6
103A-D,Hinjawadi Maan Phase 3 To Katraj (Vai Kothrud Depo),36.6
103A-U,Katraj To Hinjawadi Maan Phase 3 (Vai Kothrud Depo),36.6
103B-D,Swargate To Katraj,6.1
103B-U,Katraj To Swargate,6.1
103C-D,Hinjawadi Maan Phase 3 To Swargate,30.5
103C-U,Swargate To Hinjawadi Maan Phase 3,30.5
103-D,Kothrud Depot To Katraj,14.3
103-U,Katraj To Kothrud Depot,14.3
104-D,DSK Vishwa To Deccan Gymkhana,15.4
104-U,Deccan Gymkhana To DSK Vishwa,15.4
105-D,   Balewadi Depot To Deccan Gymkhana,16.8
105-U,Deccan Gymkhana To  Balewadi Depot,16.8
106-R,Galinde Path To Galinde Path,21.3
107-D,Pimplegurav To Deccan Gymkhana,14.4
107-U,Deccan Gymkhana To Pimplegurav,14.4
108-D,Pune Station To Sutardara,12.3
108-U,Sutardara To Pune Station,12.3
109-R,Ma Na Pa To Ma Na Pa,21
10-D,Keshavnagar To Swargate,15
10-U,Swargate To Keshavnagar,15
110-R,Ma Na Pa To Ma Na Pa,21
111-D,Ma Na Pa To Bhekrainagar,17.3
111-U,Bhekrainagar To Ma Na Pa,17.3
112-D,Mandai To Kothrud Depot,8
112-U,Kothrud Depot To Mandai,8
113A-D,Pimplegurav To Appa Balawant Chowk,13.3
113A-U,Appa Balawant Chowk To Pimplegurav,13.3
113B-D,Pimplegurav To Ma Na Pa,12.6
113B-U,Ma Na Pa To Pimplegurav,12.6
113-D,Vasantdada Putala Sangvi To Appa Balawant Chowk,10.9
113-U,Appa Balawant Chowk To Vasantdada Putala Sangvi,10.9
114-D,Mhalungegaon To Ma Na Pa,12.5
114-U,Ma Na Pa To Mhalungegaon,12.5
115P-D,Hinjawadi Maan Phase 3 To Pune Station,29
115P-U,Pune Station To Hinjawadi Maan Phase 3,29
116-D,Khadki Bazar To Ma Na Pa,10.8
116-U,Ma Na Pa To Khadki Bazar,10.8
117A-D,DSK Vishwa To Swargate,12.6
117A-U,Swargate To DSK Vishwa,12.6
117B-D,Shree Control To Swargate,11.7
117B-U,Swargate To Shree Control,11.7
117C-D,Raykarmala To Swargate,13.5
117C-U,Swargate To Raykarmala,13.5
117-D,Dhayari Maruti Mandir To Swargate,12.2
117-U,Swargate To Dhayari Maruti Mandir,12.2
117D-U,Swargate To Saritanagari,5
117E-D,Shaniwarwada Stand To Saritanagari,7
117F-U,Shaniwarwada To Dhayari Maruti Mandir,13.6
118-7A-D,Swargate To Marketyard,3.1
118-7A-U,Marketyard To Swargate,3.1
118-7-D,Venutai Chavan College To Swargate,9.4
118-7-U,Swargate To Venutai Chavan College,9.4
118A-D,Suncity To Swargate,6
118A-U,Swargate To Suncity,6
118B-D,Vadgaon Bk To Swargate,7
118B-U,Swargate To Vadgaon Bk,7
118C-D,Nanded To Swargate,11.2
118C-U,Swargate To Nanded,11.2
118-D,Venutai Chavan College To Swargate,9.4
118-U,Swargate To Venutai Chavan College,9.4
119A-D,Alandi To Vishrantwadi,11
119A-U,Vishrantwadi To Alandi,11
119-D,Alandi To Ma Na Pa,23.1
119-U,Ma Na Pa To Alandi,23.1
11-D,Pimplegurav To Marketyard,18.3
11-U,Marketyard To Pimplegurav,18.3
11K-D,Kalpataru To Katraj,21.6
11K-U,Katraj To Kalpataru,21.6
120A-D,Indoorance System To Bhosari,23.5
120A-U,Bhosari To Indoorance System,23.5
120-D,Indoorance System Chakan Mhalunge To Ma Na Pa,40.6
120-U,Ma Na Pa To Indoorance System Chakan Mhalunge,40.6
121-D,Bhosari Terminal To Ma Na Pa,17.1
121-U,Ma Na Pa To Bhosari Terminal,17.1
122A-U,Nehrunagar Depo To Ma Na Pa,15.9
122B-D,Chinchwadgaon To Nehrunagar Depo,6
122B-U,Nehrunagar Depo To Chinchwadgaon,6
122C-U,Ma Na Pa To Chinchwadgaon,18.7
122-D,Chinchwadgaon To Ma Na Pa,18.7
122-U,Ma Na Pa To Chinchwadgaon,18.7
123-D,Bhakti Shakti To Ma Na Pa,20.1
123-U,Ma Na Pa To Bhakti Shakti,20.1
125-D,Dapodi Mantri Niketan To Bopkhel,12.7
125-U,Bopkhel To Dapodi Mantri Niketan,12.7
126A-D,Kamalpark To Khadki Bazar,10.1
126B-U,Kamalpark To Pimplenilakh,20.2
126C-U,Khadki Bazar To Pimplenilakh,10.2
126-D,Pimplenilakh To Vishrantwadi,16.2
126D-U,Khadki Bazar To Vishrantwadi,6
126-U,Vishrantwadi To Pimplenilakh,16.2
128-D,Bopkhel To Ma Na Pa,19.1
128-U,Ma Na Pa To Bopkhel,19.1
129-D, Balewadi Depot To Pune Station,18.8
129-U,Pune Station To  Balewadi Depot,18.8
12-D,Bhakti Shakti To Upper Depot,30.05
12-U,Upper Depot To Bhakti Shakti,30.05
130A-D,Yewalewadi To Katraj,5.7
130A-U,Katraj To Yewalewadi,5.7
130-D,Shivajinagar To Yewalewadi,16.1
130-U,Yewalewadi To Shivajinagar,16.1
132A-D,Vadgaonsheri To Ma Na Pa (Via Shubham),14
132A-U,Ma Na Pa To Vadgaonsheri (Via Shubham),14
132-D,Shubham Society Nagar Road To Ma Na Pa,11.1
132-U,Ma Na Pa To Shubham Society Nagar Road,11.1
133A-D,Vadgaon Sheri To Ma Na Pa (Via Anand Park),14.8
133A-U,Ma Na Pa To Vadgaon Sheri (Via Anand Park),14.8
133-D,Anand Park To Ma Na Pa,12.8
133-U,Ma Na Pa To Anand Park,12.8
133B-D,Sainathnagar To Ma Na Pa,14
133B-U,Ma Na Pa To Sainath nagar,14
134-D,Vidyanagar To Pune Station,8.7
134-U,Pune Station To Vidyanagar,8.7
135A-D,Wadebolhai To Kesnand Phata,10.8
135A-U,Kesnand Phata To Wadebolhai,10.8
135-D,Wadebolhai To Pune Station,25.6
135-U,Pune Station To Wadebolhai,25.6
136A-D,Vadegaon To Kesnand Phata,12.7
136A-U,Kesnand Phata To Vadegaon,12.7
136-D,Vadegaon To Pune Station,27.5
136-U,Pune Station To Vadegaon,27.5
139A-D,Bhakti Shakti To Bhekrainagar,30.7
139A-U,Bhekrainagar To Bhakti Shakti,30.7
139-D,Bhakti Shakti To Shewalwadi,31.6
139-U,Shewalwadi To Bhakti Shakti,31.6
13A-D,Shivajinagar To VIT College,11.9
13A-U,Vit College To Shivajinagar,11.9
13B-D,Pune Vidhyapeeth To Upper Depo,14.5
13B-U,Upper Depo To Pune Vidhyapeeth,14.5
13C-U,Upper Depo To Pune Vidhyapeeth,14.5
13-D,Shivajinagar To Upper Depot,10
13L-D,Shivajinagar To Lake Town Society,9.6
13L-U,Lake Town Society To Shivajinagar,9.6
13-U,Upper Depot To Shivajinagar,10
140-D,Pune Station To Upper Depot,11.3
140-U,Upper Depot To Pune Station,11.3
141A-D,Marketyard To Khandoba Mandir,6
141A-U,Khandoba Mandir To Marketyard,6
141-D,Pune Station To Khandoba Mandir,11.9
141-U,Khandoba Mandir To Pune Station,11.9
142-D,Ghotawade Phata To Pune Station,31.8
142-U,Pune Station To Ghotawade Phata,31.8
143A-D,Pune Station To Galinde Path (Vai Nal Stop),11.3
143A-U,Galinde Path To Pune Station (Vai Nal Stop),11.3
143-D,Pune Station To Galinde Path (Vai Mhatre Pul),11.3
143-U,Galinde Path To Pune Station (Vai Mhatre Pul),11.3
144A-D,Pune Station To Sai Sayajinagar,13.9
144A-U,Sai Sayajinagar To Pune Station,13.9
144B-D,Sainathnagar To Kumbre Park,22.7
144B-U,Kumbre Park To Sainathnagar,22.7
144-D,Pune Station To Kothrud Stand,9
144D-D,Pune Station To Kumbare Park,12.5
144D-U,Kumbare Park To Pune Station,12.5
144K-D,Pune Station To Gujrat Colony,9
144K-U,Gujrat Colony To Pune Station,9
144-U,Kothrud Stand To Pune Station,9
145A-D,D2 Circle To Pune Station,25.75
145A-U,Pune Station To D2 Circle,25.75
145B-D,Sutarwadi Pashan To Pune Station,13
145B-U,Pune Station To Sutarwadi Pashan,13
145-D,NDA Golmarket To Pune Station,23.15
145-U,Pune Station To NDA Gol Market,23.15
146-D,Gokhalenagar To Pune Station,8.45
146-U,Pune Station To Gokhalenagar,8.45
147A-D,Nhavi Sandas To Kesnand Phata,23.2
147A-U,Kesnand Phata To Nhavi Sandas,23.2
147-D,Nhavi Sandas To Pune Station,38
147-U,Pune Station To Nhavi Sandas,38
148A-D,Bhosari To Bhekrainagar,33.7
148A-U,Bhekrainagar To Bhosari,33.7
148-D,Pimplegurav To Shewalwadi,24.8
148-U,Shewalwadi To Pimplegurav,24.8
149A-D,Bhakti Shakti To Shewalwadi,42.9
149A-U,Shewalwadi To Bhakti Shakti,42.9
149-D,Pimpri To Shewalwadi,37.6
149-U,Shewalwadi To Pimpri,37.6
14-D,Kesnand Phata To Dhayari Maruti Mandir,31.6
14-U,Dhayari Maruti Mandir To Kesnand Phata,31.6
151-D,Alandi To Pune Station,22
151-U,Pune Station To Alandi,22
152A-D,Munjabavasti To Ma Na Pa,12.3
152A-U,Ma Na Pa To Munjabavasti,12.3
152D-D,Ma Na Pa To Dhanorigaon,11.6
154-D,Vishrantwadi To Pune Station,8.5
154-U,Pune Station To Vishrantwadi,8.5
155-D,Lohgaon To Pune Station (Via Dhanori),15.7
155-U,Pune Station To Lohgaon (Via Dhanori),15.7
158A-D,Dadachi Padal To Ma Na Pa,15.5
158A-U,Ma Na Pa To Dadachi Padal,15.5
158-D,Lohgaon To Ma Na Pa,13.5
158-U,Ma Na Pa To Lohgaon,13.5
159-D,Talegaon Dhamdhere To Ma Na Pa,40.5
159K-D,Koregaon Bhima To Ma Na Pa,29
159K-U,Ma Na Pa To Koregaon Bhima,29
159P-D,Pabal Phata To Ma Na Pa,40.8
159P-U,Ma Na Pa To Pabal Phata,40.8
159-U,Ma Na Pa To Talegaon Dhamdhere,40.5
160-D,Mundhwagaon To Ma Na Pa,10.9
160-U,Ma Na Pa To Mundhwagaon,10.9
161-D,Vimannagar To  Warje Malwadi,23
161-U, Warje Malwadi To Vimannagar,23
162-D,Kendurgaon To Pune Station,43
162-U,Pune Station To Kendurgaon,43
163-D,Kharadi Gaon To Pune Station,11
163-U,Pune Station To Kharadi Gaon,11
164-D,Vimannagar To Swargate,15.5
164-U,Swargate To Vimannagar,15
165-D,Vadgaonsheri To Ma Na Pa,11.1
165-U,Ma Na Pa To Vadgaonsheri,11.1
166-D,Vimannagar To Pune Station,9.5
166-U,Pune Station To Vimannagar,9.5
167-D,Kesnand Phata To Hadapsar Gadital,14.2
167-U,Hadapsar Gadital To Kesnand Phata,14.2
168-D,Keshavnagar To Ma Na Pa,11.6
168-U,Ma Na Pa To Keshavnagar,11.6
169-D,Keshavnagar To Ma Na Pa (Vai Koregaon Park),12
169-U,Ma Na Pa To Keshavnagar (Vai Koregaon Park),12
170A-D,Kondhwa Bk To Pune Station,11.3
170A-U,Pune Station To Kondhwa Bk,11.3
170B-D,Kondhwa Hospital To Pune Station,12
170B-U,Pune Station To Kondhwa Hospital,12
170-D,Kondhwa Bk To Pune Station,11.3
170-U,Pune Station To Kondhwa Bk,11.3
174A-D,NDA Golmarket To Pune Station,21
174A-U,Pune Station To NDA Gol Market,21
174B-D,D2 Circle To Pune Station,23.4
174B-U,Pune Station To D2 Circle,23.4
174-D,Kondhwa Gate To Pune Station,18.8
174-U,Pune Station To Kondhwa Gate,18.8
175-D,Hadapsar Gadital To Ma Na Pa,16
175-U,Ma Na Pa To Hadapsar Gadital,16
176A-D,Krushnanagar Mohammadwadi To  Swargate (Vai NIBM),12.1
176A-U,Swrgate To Krushnanagar Mohammadwadi (Vai NIBM),12.1
176-D,Mahammad Wadi To Swargate  ,12.1
176-U,Swargate To Mahammad Wadi,12.1
177A-D,Azadnagar To Vishrantwadi,18.4
177A-U,Vishrantwadi To Azadnagar,18.4
177B-D,Siddharthnagar To Pune Station,9.7
177B-U,Pune Station To Siddharthnagar,9.7
177-D,Salunke Vihar To Pune Station,9.2
177D-D,Azadnagar To Pune Station,9.5
177D-U,Pune Station To Azadnagar,9.5
177K-D,Krushnanagar Mohammadwadi To Pune Station,10.9
177K-U,Pune Station To Krushnanagar Mohammadwadi,10.9
177M-D,Mahammad Wadi To Pune Station,13.3
177M-U,Pune Station To Mahammad Wadi,13.3
177-U,Pune Station To Salunke Vihar,9.2
179A-D,Vadachiwadi To Hadapsar Gadital,9.6
179A-U,Hadapsar Gadital To Vadachiwadi,9.6
179-D,Vadachiwadi To swargate,14.2
179-U,Swargate To Vadachiwadi,14.2
17A-D,Narhegaon To Natraj Stand,11
17A-U,Natraj Stand To Narhegaon,11
17B-D,Shaniwarwada Stand To Swargate,2.8
17B-U,Swargate To Shaniwarwada Stand,2.8
17-D,Narhegaon To Shaniwarwada,13.2
17-U,Shaniwarwada To Narhegaon,13.2
180-D,Bhekrainagar To Na Ta Wadi,15.5
180-U,Na Ta Wadi To Bhekrainagar,15.5
181A-D,SRP Camp To Na Ta Wadi,12.3
181A-U,Na Ta Wadi To SRP Camp,12.3
181B-D,Siddharthnagar To Na Ta Wadi,11.5
181B-U,Na Ta Wadi To Siddharthnagar,11.5
181C-D,Kondhwa Bk To Na Ta Wadi,13.8
181C-U,Na Ta Wadi To Kondhwa Bk,13.8
181-D,Kondhwa Kh To Na Ta Wadi,11.5
181-U,Na Ta Wadi To Kondhwa Kh,11.5
183A-D,Theur Factory To Sarasbaug,27.9
183A-U,Sarasbaug To Theur Factory,27.9
183-D,Theur To Hadapsar Gadital,17.4
183-U,Hadapsar Gadital To Theur,14.7
184A-D,Bhekrainagar To Swargate,12.1
184A-NGT-D,Hadapsar Gadital To Swargate,9.5
184A-NGT-U,Swargate To Hadapsar Gadital,9.5
184A-U,Swargate To Bhekrainagar,12.1
184B-D,Fursungi To Swargate,15.3
184B-U,Swargate To Fursungi,15.3
184-D,Fursungi To Padmawati,19.6
184-U,Padmawati To Fursungi,16.9
185-D,Manjari Kh To Hadapsar Gadital,8.3
185-U,Hadapsar Gadital To Manjari Kh,8.3
186A-D,Swargate To Jspm College,13.3
186A-U,Jspm College To Swargate,13.3
186B-D,Hadapsar Gadital To JSPM college,4.7
186B-U,JSPM college To Hadapsar Gadital,4.7
186-D,Pune Station To Jspm College,14.2
186-U,Jspm College To Pune Station,14.2
187-D,Pune Station To Bhekrainagar,15
187-U,Bhekrainagar To Pune Station,15
188-D,Katraj To Hadapsar Gadital,18
188-U,Hadapsar Gadital To Katraj,18
189-D,Devachi Uruli To Hadapsar Gadital,6.7
189-U,Hadapsar Gadital To Devachi Uruli,6.7
18-D,Bhansali Complex To Swargate,8.5
18-U,Swargate To Bhansali Complex,8.5
190A-D,Vadkigaon To Hadapsar Gadital,8.7
190A-U,Hadapsar Gadital To Vadkigaon,8.7
190-D,Fursungi To Hadapsar Gadital,6
190-U,Hadapsar Gadital To Fursungi,6
191-D,Trinity College To Pune Station,14.5
191-U,Pune Station To Trinity College,14.5
192A-D,Mohammadwadigaon To Hadapsar Gadital,6
192A-U,Hadapsar Gadital To Mohammadwadigaon,6
192-D,Undrigaon To Hadapsar Gadital,8
192-U,Hadapsar Gadital To Undrigaon,8
193-D,Uruli Kanchan To Hadapsar Gadital,22.8
193-U,Hadapsar Gadital To Uruli Kanchan,22.8
195-D,Holkarwadi To Hadapsar Gadital,8.5
195-U,Hadapsar Gadital To Holkarwadi,8.5
196A-D,Mahammad Wadi To Swargate (Vai Ram Takedi),13.1
196A-U,Swargate To Mahammad Wadi  (Vai Ram Takedi),13.1
196-D, Hadapsar Gadital To Pune Station,12.4
196-U,Pune Station To Hadapsar Gadital  ,12.4
197-D,Kothrud Depot To Hadapsar Gadital,17.6
197-U,Hadapsar Gadital To Kothrud Depot,17.6
198-D,Manjari Bk To Hadapsar Gadital,11
198-U,Hadapsar Gadital To Manjari Bk,11
19A-D,Shivajinagar To Marketyard,7.6
19A-U,Marketyard To Shivajinagar,7.6
19B-D,Kondhwa Hospital To Marketyard,9
19B-U,Marketyard To Kondhwa Hospital,9
19-D,Shivajinagar To Kondhwa Hospital,16.6
19-U,Kondhwa Hospital To Shivajinagar,16.6
200A-D,Hadapsar Gadital To Sadesatranali,3
200A-U,Sadesatranali To Hadapsar Gadital,3
200-D,Swargate To Sadesatranali,12.4
200-U,Sadesatranali To Swargate,12.4
201-D,Alandi To Bhekrainagar,34.3
201-U,Bhekrainagar To Alandi,34.3
202A-U,Mahatma Gandhi Stand To Warje Malwadi,13.1
202B-D,Mahatma Gandhi Stand To Swargate,13.1
202B-U,Swargate To Mahatma Gandhi Stand,3
202-D,Warje Malwadi To Hadapsar Gadital,19.2
202-U,Hadapsar Gadital To Ganpati Matha,19.2
203-D,Pune Station To Bhekrainagar,12.6
203-NGT-D,Pune Station To Hadapsar Gadital,10
203-NGT-U,Hadapsar Gadital To Pune Station,10
203P-D,Pune Station To Shewalwadi,13.5
203P-U,Shewalwadi To Pune Station,13.5
203-U,Bhekrainagar To Pune Station,12.6
204-D,Chinchwadgaon To Bhekrainagar,31.9
204-U,Bhekrainagar To Chinchwadgaon,31.9
205-D,Vasantdada Putala Sangvi To Hadapsar Gadital,26.5
205-U,Hadapsar Gadital To Vasantdada Putala Sangvi,26.5
206-D,Vishalnagar To Hadapsar Gadital,26.8
206-U,Hadapsar Gadital To Vishalnagar,26.8
207A-D,Saswad To Hadapsar Gadital,23
207A-U,Hadapsar Gadital To Saswad,23
207-D,Saswad To Swargate,32.7
207-U,Swargate To Saswad,32.7
208A-D,Bhakti Shakti To Hadapsar Gadital,28.2
208A-U,Hadapsar Gadital To Bhakti Shakti,28.2
208-D,Hinjawadi Maan Phase 3 To Hadapsar Gadital,36.3
208-U,Hadapsar Gadital To Hinjawadi Maan Phase 3,36.3
20A-D,Sahkarnagar To Swargate Depo,3.4
20A-U,Swargate Depo To Sahkarnagar,3.4
20B-D,Hadapsar Gadital To Swargate,9.5
20B-U,Swargate To Hadapsar Gadital,9.5
20-D,Pune Station To Sahkarnagar,9.5
20-U,Sahkarnagar To Pune Station,9.5
213-D,Vimannagar To Katraj,21.9
213-U,Katraj To Vimannagar,21.9
215A-U,Chintamani Dnyanpith To Swargate,8.6
215A-D,Swargate To Chintamani Dnyanpith,8.6
215-D,Swargate To Chintamani Dnyanpith,7.5
215-U,Chintamani Dnyanpith To Swargate,7.5
216A-D,Mandai To Katraj,7.7
216A-U,Katraj To Mandai,7.7
216B-D,Pune Vidhyapeeth To Bharati Vidyapeeth,16.5
216B-U,Bharati Vidyapeeth To Pune Vidhyapeeth,16.5
216C-D,Mandai To Bharati Vidyapeeth,7.7
216C-U,Bharati Vidyapeeth To Mandai,7.7
216-R,Bharati Vidyapeeth To Bharati Vidyapeeth,15.5
217A-D,Gujarwadi To Katraj,3.8
217A-U,Katraj To Gujarwadi,3.8
217B-D,Gujarwadi To Swargate,9.9
217B-U,Swargate To Gujarwadi,9.9
217-D,Gujarwadi To Jambhulwadi,7
217-U,Jambhulwadi To Gujarwadi,7
218-D,Balewadi Depot To Katraj,23
218-U,Katraj To Balewadi Depot,23
21A-D,Ammunition Factory To Swargate,9.5
21A-U,Swargate To Ammunition Factory,9.5
21B-D,HEMRL Company To Swargate,12.2
21B-U,Swargate To HEMRL Company,12.2
21-D,Vasantdada Putala Sangvi To Swargate,14.85
21N-D,Pimplenilakh To Swargate,15.1
21N-U,Swargate To Pimplenilakh,15.1
21-U,Swargate To Vasantdada Putala Sangvi,14.85
226-D,Dhayari Maruti Mandir To Pune Station,15.9
226-U,Pune Station To Dhayari Maruti Mandir,15.9
227A-D,Shivajinagar To Marketyard,7.6
227A-U,Marketyard To Shivajinagar,7.6
227-D,Marnewadi To Marketyard,33.5
227-U,Marketyard To Marnewadi,33.5
22A-D,Khandoba Mandir To Swargate,6
22A-U,Swargate To Khandoba Mandir,6
22-D,Shivajinagar To Khandoba Mandir,10
22-U,Khandoba Mandir To Shivajinagar,10
230-D,Pune Station To Bharati Vidyapeeth,10.9
230-U,Bharati Vidyapeeth To Pune Station,10.9
233-D,Paudgaon To Marketyard,35.6
233-U,Marketyard To Paudgaon,35.6
234-D,Kharadi Gaon To Ma Na Pa,14
234-U,Ma Na Pa To Kharadi Gaon,14
235-D,Kharadi Gaon To Katraj,22.4
235-U,Katraj To Kharadi Gaon,22.4
236-D,Khulewadi To Ma Na Pa,13.5
236-U,Ma Na Pa To Khulewadi,13.5
237-D,Kharadi Gaon To Warje Malwadi,24.2
237-U,Warje Malwadi To Kharadi Gaon,24.2
23-D,Pune Station To Upper Depot,11.4
23-U,Upper Depot To Pune Station,11.4
24A-D,Maharashtra Housing Board Samtanagar To Katraj,18
24A-U,Katraj To Maharashtra Housing Board Samtanagar,18
24B-D,Lohgaon To Katraj,21.1
24B-U,Katraj To Lohgaon,21.1
24-D,Maharashtra Housing Board Samtanagar To Katraj,18
24-NGT-D,Pune Station To Katraj,10.8
24-NGT-U,Katraj To Pune Station,10.8
24-U,Katraj To Maharashtra Housing Board Samtanagar,18
252A-D,Charholigaon To Vishrantwadi,12.4
252A-U,Vishrantwadi To Charholigaon,12.4
252-D,Charholigaon To Ma Na Pa,21.6
252-U,Ma Na Pa To Charholigaon,21.6
256B-D,Banergaon To Ma Na Pa,11
256B-U,Ma Na Pa To Banergaon,11
256-D,Balewadi Depot To Ma Na Pa,13.5
256S-D,Someshwarwadi To Ma Na Pa,8.1
256S-U,Ma Na Pa To Someshwarwadi,8.1
256-U,Ma Na Pa To Balewadi Depot,13.5
257-D,Alandi To Kesnand Phata,24
257-U,Kesnand Phata To Alandi,24
262A-D,Dehugaon To Nigdi,11.8
262A-U,Nigdi To Dehugaon,11.8
262-D,Dehugaon To Ma Na Pa,31.3
262-U,Ma Na Pa To Dehugaon,31.3
264-D,Bahulgaon To Ma Na Pa,38
264-U,Ma Na Pa To Bahulgaon,38
26-D,Shivajinagar To Dhankawadi,10.2
26-U,Dhankawadi To Shivajinagar,10.2
276-D,Chinchwadgaon To Warje Malwadi,24.9
276-U,Warje Malwadi To Chinchwadgaon,24.9
277A-D,Kothrud Stand To Kondhwagate,10
277A-U,Kondhwagate To Kothrud Stand,10
277-D,Khadki Bazar To Kondhwagate,24
277-U,Kondhwagate To Khadki Bazar,24
279A-U,Kothrud Depo To Khamboli,28.6
279B-U,Deccan Gymkhana To Kothrud Depo,6
279-D,Khamboli To Deccan Gymkhana,34.6
279-U,Deccan Gymkhana To Khamboli,34.6
27-D,Shivajinagar To Bharati Vidyapeeth,10.9
27-U,Bharati Vidyapeeth To Shivajinagar,10.9
280-D,Ma Na Pa To Warje Hanuman Chowk,9.9
280-U,Warje Hanuman Chowk To Ma Na Pa,9.9
281-D,Bhakti Shakti To Warje Malwadi,28.4
281-U,Warje Malwadi To Bhakti Shakti,28.4
282-D,Bhosarigaon To Warje Malwadi,25.6
282-U,Warje Malwadi To Bhosarigaon,25.6
283-D,Pune Station To Kumbare Park,12.5
283-U,Kumbare Park To Pune Station,12.5
284-D,Bhakti Shakti To Kothrud Depot,26.5
284-U,Kothrud Depot To Bhakti Shakti,26.5
286-D,Azadnagar To Warje Malwadi  ,18.7
286-U, Warje Malwadi To Azadnagar,18.7
28-D,Shivajinagar To Katraj,11.1
28-U,Katraj To Shivajinagar,11.1
290A-D,Katraj To Shaninagar,1.1
290A-U,Shaninagar To Katraj,1.1
290-D,Shivajinagar To Shaninagar,11.6
290-U,Shaninagar To Shivajinagar,11.6
291A-D,Hadapsar Gadital To Upper Depot,15.6
291A-U,Upper Depot To Hadapsar Gadital,15.6
291-D,Hadapsar Gadital To Katraj,14.2
291-U,Katraj To Hadapsar Gadital,14.2
292A-D,Kalyangaon To Swargate,34
292A-U,Swargate To Kalyangaon,34
292B-D,Rahatwadegaon To Swargate,30
292B-U,Swargate To Rahatwadegaon,30
292C-D,Avsarwadi To Swargate,31
292C-U,Swargate To Avsarwadi,31
292-D,Kondhanpur To Swargate,29
292D-D,Swargate To Kondhanpur,29
292-U,Swargate To Kondhanpur,29
293A-D,Kusgaon To Swargate,25.3
293A-U,Swargate To Kusgaon,25.3
293D-D,Khed Shivapur To Swargate,19.8
293D-U,Swargate To Khed Shivapur,19.8
294-D,Khadakwasla Dharan To Katraj,13
294-U,Katraj To Khadakwasla Dharan,13
295A-D,Ambegaon To Katraj,3
295A-U,Katraj To Ambegaon,3
295B-D,Katraj To Pune Station,13.7
295-D,Pune Station To Ambegaon,16.7
295-U,Ambegaon To Pune Station,16.7
296A-D,Jambhulwadi To Katraj,5
296A-U,Katraj To Jambhulwadi,5
296-D,Shivajinagar To Jambhulwadi,13.3
296-U,Jambhulwadi To Shivajinagar,13.3
297-D,Shivajinagar To Rajas Society,11.5
297-U,Rajas Society To Shivajinagar,11.5
298-D,Chinchwadgaon To Katraj,26.75
298-U,Katraj To Chinchwadgaon,26.75
299-D,Bhosarigaon To Katraj,26.9
299-U,Katraj To Bhosarigaon,26.9
29A-D,Alandi To Swargate,28.6
29A-U,Swargate To Alandi,28.6
29-D,Vishrantwadi To Swargate,12.6
29-U,Swargate To Vishrantwadi,12.6
2A-D,Shivajinagar To Katraj Ladies Special,10.5
2A-U,Katraj To Shivajinagar Ladies Special,10.5
2B-D,Shivajinagar To Bhilarewadi,12
2B-U,Bhilarewadi To Shivajinagar,12
2-D,Shivajinagar To Katraj,10.5
2D-D,Sachchai Mata Mandir To Katraj,2
2E-D,Sachchai Mata Mandir To Swargate,8
2E-U,Swargate To Sachchai Mata Mandir,8
2F-D,Taljai Pathar To Swargate,6.5
2G-U,Taljai Pathar To Shivajinagar,10.1
2H-D,Sachchai Mata Mandir To Shivajinagar,12.4
2H-U,Shivajinagar To Sachchai Mata Mandir,12.4
2I-D,Pune Vidhyapeeth To Katraj,14
2I-U,Katraj To Pune Vidhyapeeth,14
2J-D,Bhilarewadi To Katraj,1.5
2J-U,Katraj To Bhilarewadi,1.5
2K-D,Shivajinagar To Narhegaon,13
2K-U,Narhegaon To Shivajinagar,13
2L-D,Katraj To Narhegaon,2.5
2L-U,Narhegaon To Katraj,2.5
2-NGT-D,Shivajinagar To Katraj Night Service,10.5
2-NGT-U,Katraj To Shivajinagar Night Service,10.5
2-U,Katraj To Shivajinagar,10.5
301-D,Shewalwadi To Katraj,19
301-U,Katraj To Shewalwadi,19
302A-D,Alandi To Pimprigaon,17.7
302A-U,Pimprigaon To Alandi,17.7
302B-D,Bopkhel To Pimprigaon,19.85
302B-U,Pimprigaon To Bopkhel,19.5
302C-D,Gavhanevasti Bhosari To Nehrunagar Depo,3.5
302C-U,Nehrunagar Depo To Gavhanevasti Bhosari,3.5
302-D,Gavhanevasti Bhosari To Pimprigaon,8.65
302D-D,Pimprigaon To Nehrunagar Depo,5.7
302D-U,Nehrunagar Depo To Pimprigaon,5.7
302-U,Pimprigaon To Gavhanevasti Bhosari,8.65
303A-D, Mukai Chowk To Nigdi,8.6
303A-U, Nigdi To  Mukai Chowk,8.6
303-D,Akurdi Railway Station To Nigdi,6.2
303-U,Nigdi To Akurdi Railway Station,6.2
304A-D,Bhosari To Nehrunagar Depo,3.5
304A-U,Nehrunagar Depo To Bhosari,3.5
304-D,Gavhanevasti Bhosari To Chinchwadgaon,10.2
304-U,Chinchwadgaon To Gavhanevasti Bhosari,10.2
305A-D,Dy Patil College Wadgaonmawal To Nigdi,22
305A-U,Nigdi To Dy Patil College Wadgaonmawal,22
305B-D,Navlakh Umbre To Nigdi,26
305B-U,Nigdi To Navlakh Umbre,26
305-D,Vadgaon Mawal To Nigdi,22
305-U,Nigdi To Vadgaon Mawal,22
306-D,Hinjawadi Maan Phase 3 To Dange Chowk,13.3
306-U,Dange Chowk To Hinjawadi Maan Phase 3,13.3
307A-D,Chinchwadgaon To Bhakti Shakti,4.6
307A-U,Bhakti Shakti To Chinchwadgaon,4.6
307-D,Walhekarwadi To Chinchwadgaon,2.3
307-U,Chinchwadgaon To Walhekarwadi,2.3
308-D,Gharkul Vasahat Chikhli To Bhakti Shakti,5.4
308-U,Bhakti Shakti To Gharkul Vasahat Chikhli,5.4
309-D,Dehugaon To Alandi,16
309-U,Alandi To Dehugaon,16
30A-D,Rautwadi To Marketyard,28
30A-U,Marketyard To Rautwadi,28
30-D,Ghotawade Phata To Marketyard,31.5
30-U,Marketyard To Ghotawade Phata,31.5
310A-D,Walhekarwadi To Nehrunagar Depo,7.7
310A-U,Nehrunagar Depo To Walhekarwadi,7.7
310-D,Walhekarwadi To Pune Station,24.8
310-U,Pune Station To Walhekarwadi,24.8
311-D,Pimprigaon To Pune Station,21.8
311-U,Pune Station To Pimprigaon,21.8
312-D,Chinchwadgaon To Pune Station,22.5
312-U,Pune Station To Chinchwadgaon,22.5
313A-D,Kasarsai Karkhana To Chinchwadgaon,17.2
313A-U,Chinchwadgaon To Kasarsai Karkhana,17.2
313B-D,Bhakti Shakti To Kasarsai Karkhana,21.5
313C-D,Nehrunagar Depo To Chandkhed,25.7
313-D,Chandkhed To Chinchwadgaon,19.3
313D-D,Bhakti Shakti To Chandkhed,21.5
313-U,Chinchwadgaon To Chandkhed,19.3
314-D,Mhalunge MIDC To Bhakti Shakti,11.2
314-U,Bhakti Shakti To Mhalunge MIDC,11.2
315A-D,Moshigaon To Pune Station,25.6
315A-U,Pune Station To Moshigaon,25.6
315-D,Bhosari To Pune Station (Vai Alandi Road),18.5
315D-U,Ma Na Pa To Dhanorigaon,11.6
315-U,Pune Station To Bhosari (Vai Alandi Road),18.5
316-D,Hinjawadi Maan Phase 3 To Chinchwadgaon,14.2
316-U,Chinchwadgaon To Hinjawadi Maan Phase 3,14.2
317A-D,Dapodi To Sambhajinagar,14.2
317B-D,Pune Station To Dapodi,9.8
317-D,Sambhajinagar To Pune Station,23.7
317-U,Pune Station To Sambhajinagar,23.7
318A-D,Gharkul Vasahat Chikali To Pune Station,25.6
318A-U,Pune Station To Gharkul Vasahat Chikali,25.6
318-D,Krishanagar To Pune Station,26
318-U,Pune Station To Krushnanagar,26
319-D,Vadgaon Mawal To Alandi,32.8
319-U,Alandi To Vadgaon Mawal,32.8
31A-D,Pune Station To Padmawati,10.1
31A-U,Padmawati To Pune Station,10.1
31-D,Pune Station To Taljai Pathar,12
31-U,Taljai Pathar To Pune Station,12
320-D,Mahalungegaon To Alandi,30.5
320-U,Alandi To Mahalungegaon,30.5
321A-D,Hinjawadi Maan Phase 3 To Pimpale Gurav,21.8
321A-U,Pimple Gurav To Hinjawadi Maan Phase 3,21.8
321-D,Hinjawadi Maan Phase 3 To Vasasantdada Putla Sangvi,23.1
321-U,Vasasantdada Putla Sangvi To Hinjawadi Maan Phase 3,23.1
322A-D,Akurdi Railway Station To Warje Malwadi,30.8
322A-U,Warje Malwadi To Akurdi Railway Station,30.8
322K-D,Akurdi Railway Station To Ma Na Pa,23.5
322K-U,Ma Na Pa To Akurdi Railway Station,23.5
323A-D,Gharkul Vasahat Chikhli To Ma Na Pa,23.4
323A-U,Ma Na Pa To Gharkul Vasahat Chikhli,23.4
323B-D,Chikhali To Nehrunagar Depo,8.9
323B-U,Nehrunagar Depo To Chikhali,8.9
323C-D,Gharkul Vasahat Chikhali To Nehrunagar Depo,6.6
323C-U,Nehrunagar Depo To Gharkul Vasahat Chikhali,6.6
323-D,Chikhali To Ma Na Pa,23.4
323-U,Ma Na Pa To Chikhali,23.4
324-D,Hinjawadi Maan Phase 3 To Bhosari,25.3
324-U,Bhosari To Hinjawadi Maan Phase 3,25.3
325A-D,Masulkar Colony To Nehrunagar Depo,2.7
325A-U,Nehrunagar Depo To Masulkar Colony,2.7
325-D,Masulkar Colony To Pune Station,18.7
325-U,Pune Station To Masulkar Colony,18.7
326A-D,Chikhali To Nehrunagar Depo,7.4
326A-U,Nehrunagar Depo To Chikhali,7.4
326B-D,Nehrunagar Depo To Chikhali,7.4
326-D,Chikhali To Pimprigaon,10.1
326-U,Pimprigaon To Chikhali,10.1
327A-D,Hinjawadi Maan Phase 3 To Nehrunagar Depo,21.3
327A-U,Nehrunagar Depo To Hinjawadi Maan Phase 3,21.3
327B-D,Bhosari To Hinjawadi Maan Phase 3,27.1
327C-D,Alandi To Nehrunagar Depo,13.3
327C-U,Nehrunagar Depo To Alandi,13.3
327-D,Hinjawadi Maan Phase 3 To Alandi,35.7
327-U,Alandi To Hinjawadi Maan Phase 3,35.7
328A-D,Rupeenagar To Nigdi,3
328A-U,Nigdi To Rupeenagar,3
329A-D,Dehugaon To Pune Station (Via Yarwada),34
329A-U,Pune Station To Dehugaon (Via Yarwada),34
329-D,Dehugaon To Pune Station (Via Wakdevadi),33
329-U,Pune Station To Dehugaon (Via Wakdevadi),33
32-D,Alandi To Bharati Vidyapeeth,34.1
32-U,Bharati Vidyapeeth To Alandi,34.1
331A-D,Rahatnigaon To Gavhanevasti Bhosari,13
331A-U,Gavhanevasti Bhosari To Rahatnigaon,13
331B-D,Rahatnigaon To Charholigaon,22
331B-U,Charholigaon To Rahatnigaon,22
331C-U,Nehrunagar Depo To Rahatnigaon,9.5
331-D,Rahatnigaon To Charholigaon,22
331D-U,Charholigaon To Nehrunagar Depo,12.5
331-U,Charholigaon To Rahatnigaon,22
332A-D,Pimple Saudagar To Ma Na Pa,15.7
332A-U,Ma Na Pa To Pimple Saudagar,15.7
332-D,Pimpri To Pune Station,26.4
332-U,Pune Station To Pimpri,26.4
333-D,Hinjawadi Maan Phase 3 To Pune Station,26.6
333-U,Pune Station To Hinjawadi Maan Phase 3,26.6
334-D,Gharkul Vasahat Chikhali To Pimprigaon,8.2
334-U,Pimprigaon To Gharkul Vasahat Chikhli,8.2
335A-D,Jambe To Dange Chowk,7.6
335A-U,Dange Chowk To Jambe,7.6
335B-D,Dange Chowk To Nehrunagar Depo,8.9
335B-U,Nehrunagar Depo To Dange Chowk,8.9
336-D,Bhakti Shakti To Kesnand Phata,31
336-U,Kesnand Phata To Bhakti Shakti,31
337-D,Bhakti Shakti To Dhayari Maruti Mandir,37.7
337-U,Dhayari Maruti Mandir To Bhakti Shakti,37.7
339B-D,Indrayaninagar To Pune Station,22.6
339B-U,Pune Station To Indrayaninagar,22.6
339-D,Santnagar MIDC Police Station To Katraj,32.5
339-U,Katraj To Santnagar MIDC Police Station,32.5
33A-D,Na Ta Wadi To Padmawati,8
33A-U,Padmawati To Na Ta Wadi,8
33-D,Na Ta Wadi To Taljai Pathar,10.2
33-U,Taljai Pathar To Na Ta Wadi,10.2
341-D,Mohannagar To Ma Na Pa,22.2
341-U,Ma Na Pa To Mohannagar,22.2
344A-U,Nehrunagar Depo To Pimple Nilakh,13.7
344B-U,Alandi To Nehrunagar Depo,13.7
344-D,Pimple Nilakh To Alandi,26.1
344-U,Alandi To Pimple Nilakh,26.1
345-D,Thergaon To Pune Station,19.3
345-U,Pune Station To Thergaon,19.3
347A-U,Nehrunagar Depo To Dapodi Mantri Niketan,18.4
347-D,Dapodi To Alandi,30.9
347-U,Alandi To Dapodi,30.9
348-D,Nigdi To Pune Station,24
348-U,Pune Station To Nigdi,24
350A-D,Dehugaon To Pimprigaon,17.1
350A-U,Pimprigaon To Dehugaon,17.1
350B-D,Bhakti Shakti To Pimprigaon,8.3
350B-U,Pimprigaon To Bhakti Shakti,8.3
350-D,Dehugaon To Nigdi,8.8
350-U,Nigdi To Dehugaon,8.8
351A-D,Jambe To Bhosari,24
351A-U,Bhosari To Jambe,24
351-D,Jambe To Alandi,32.5
351-U,Alandi To Jambe,32.5
354A-D,Pimpri To Marketyard,28.5
354A-U,Marketyard To Pimpri,28.5
354-D,Pimprigaon To Marketyard,28.8
354-U,Marketyard To Pimprigaon,28.8
355-D,Chikhali To Dange Chowk,13
355-U,Dange Chowk To Chikhali,13
357-D,Rajgurunagar To Pune Station,46.6
357-U,Pune Station To Rajgurunagar,46.6
358-D,Rajgurunagar To Bhosari,27.6
358-U,Bhosari To Rajgurunagar,27.6
360-D,Balewadi Depot To Alandi,35
360-U,Alandi To Balewadi Depot,35
361-D,Bhosari Terminal To Alandi,8.5
361-U,Alandi To Bhosari Terminal,8.5
362A-D,Alandi To YCM Hospital (Via Moshi),16
362A-U,YCM Hospital To Alandi (Via Moshi),16
362B-D,YCM Hospital To Bhosari,5.5
362B-U,Bhosari To YCM Hospital,5.5
362-D,YCM Hospital To Alandi,14
362-U,Alandi To YCM Hospital,14
363A-D,Kiwalegaon To Nigdi,10.7
363A-U,Nigdi To Kiwalegaon,10.7
363-D,Adarshnagar To Nigdi,9
363-U,Nigdi To Adarshnagar,9
366A-D,Bhapkar Petrol Pump To Bhakti Shakti,24.9
366A-U,Bhakti Shakti To Bhapkar Petrol Pump,25.9
366B-U,Pune Station To Pimpri,16.9
366C-D,Katraj To Pimpri,24.7
366-D,Bhakti Shakti To Pune Station (Via Yerwada),22.7
366-U,Pune Station To Bhakti Shakti (Via Yerwada),22.7
367A-D,Santnagar MIDC Police Station To Akurdi Railway Station,18.5
367A-U,Akurdi Railway Station To Santnagar MIDC Police Station,18.5
367B-D,Gharkul Vasahat To Bhosari Terminal,11.4
367B-U,Bhosari Terminal To Gharkul Vasahat,11.4
367C-D,Akurdi Railway Station To Bhosari,17
367C-U,Bhosari To Akurdi Railway Station,17
367-D,Gavhanevasti Bhosari To Nigdi,10.8
367-U,Nigdi To Gavhanevasti Bhosari,10.8
36-D,Chinchwadgaon To Ma Na Pa,17.1
36-U,Ma Na Pa To Chinchwadgaon,17.1
370-R,Pimpri To Pimpri,14.5
372-D,Hinjawadi Maan Phase 3 To Bhakti Shakti,20.9
372-U,Bhakti Shakti To Hinjawadi Maan Phase 3,20.9
373-D,Hinjawadi Maan Phase 3 To Wakad pul,10
373-U,Wakad Pul To Hinjawadi Maan Phase 3,10
376A-D,Bhakti Shakti To Warje Malwadi (Vai YCM),31.2
376A-U,Warje Malwadi To Bhakti Shakti (Vai YCM),31.2
376B-D,Bhakti Shakti To Shewalwadi (Vai YCM),35.7
376B-U,Shewalwadi To Bhakti Shakti (Vai YCM),35.7
376-D,Bhakti Shakti To Katraj (Vai YCM),30.9
376D-D,Bhakti Shakti To Nehrunagar Depo,9.3
376D-U,Nehrunagar Depo To Bhakti Shakti,9.3
376E-D,Warje Malwadi To Nehrunagar Depo (Vai YCM),23.5
376F-D,Sambhajinagar To Nehrunagar Depo,23
376F-U,Nehrunagar Depo To Sambhajinagar,9.6
376G-D,Shewalwadi To Nehrunagar Depo (Vai YCM),28
376H-U,Katraj To Nehrunagar Depo (Vai YCM),23.2
376K-D,Sambhajinagar To Katraj (Vai YCM),32.9
376K-U,Katraj To Sambhajinagar (Vai YCM),32.9
376-U,Katraj To Bhakti Shakti (Vai YCM),30.9
37-D,Na Ta Wadi To Sahkarnagar,7
37-U,Sahkarnagar To Na Ta Wadi,7
38-D,Na Ta Wadi To Dhankawadi,9
38-U,Dhankawadi To Na Ta Wadi,9
39-D,Pune Station To Dhankawadi,10.5
39-U,Dhankawadi To Pune Station,10.5
3-D,Pune Station To Swargate,7.5
3-U,Swargate To Pune Station,7.5
40-D,Mandai To Saket Society,5.3
40-U,Saket Society To Mandai,5.3
41-U, Upper Depot To Sangvi ,19
41-D,Sangvi To Upper Depot,19
42-D,Bhakti Shakti To Katraj,28.95
42-U,Katraj To Bhakti Shakti,28.95
43A-D,Hinjawadi Maan Phase 3 To Katraj,33.7
43A-U,Katraj To Hinjawadi Maan Phase 3,33.7
43-D,Bhakti Shakti To Katraj,33.7
43-U,Katraj To Bhakti Shakti,33.7
46-D,Lohgaon To  Upper Depot,25.9
46-U, Upper Depot To Lohgaon,25.9
47A-D,Vadgaon Bk To Shaniwarwada Stand,9.4
47A-U,Shaniwarwada Stand To Vadgaon Bk,9.4
47-D,Sanaswadi Nandoshi To Shaniwarwada,17.7
47-U,Shaniwarwada To Sanaswadi Nandoshi,17.7
48-D,Venutai Chavan College To Pune Station,16.8
48-U,Pune Station To Venutai Chavan College,16.8
49-D,Khanapur To Pune Station,27.7
49-U,Pune Station To Khanapur,27.7
50B-D,Sinhgad Paytha To Natraj Stand,22.8
50B-U,Natraj Stand To Sinhgad Paytha,22.8
50-D,Sinhagad To Shaniwarwada,24.8
50-U,Shaniwarwada To Sinhagad,24.8
51A-D,DSK Vishwa To Shivajinagar,13.2
51A-U,Shivajinagar To DSK Vishwa,13.2
51-D,Dhayari Maruti Mandi To Shivajinagar,13.2
51-U,Shivajinagar To Dhayari Maruti Mandi,13.2
52A-D,Osade Phata To Swargate,30.1
52A-U,Swargate To Osade Phata,30.1
52B-D,Khanapur To Marketyard,26
52B-U,Marketyard To Khanapur,26
52-D,Khanapur To Swargate,23.2
52-U,Swargate To Khanapur,23.2
53B-D,Swargate To Shivajinagar,4.3
53-D,DSK Vishwa To Shivajinagar,15.4
53-U,Shivajinagar To DSK Vishwa,14.4
54A-D,Vadgaon Bk To Na Ta Wadi,11.5
54A-U,Na Ta Wadi To Vadgaon Bk,11.5
54B-D,Na Ta Wadi To Swargate,4.3
54B-U,Swargate To Na Ta Wadi,4.3
54-D,Venutai Chavan College To Na Ta Wadi,13.9
54-U,Na Ta Wadi To Venutai Chavan College,13.9
55-D,Mandai To Suncity,7.8
55-U,Suncity To Mandai,7.8
56-D,Mandai To Vadgaon Bk,9.4
56-U,Vadgaon Bk To Mandai,9.4
57A-D,Suncity To Pune Station,10.3
57A-U,Pune Station To Suncity,10.3
57-D,Vadgaon Bk To Pune Station,12.3
57-U,Pune Station To Vadgaon Bk,12.3
58A-D,Pandavnagar To Shanipar,7.5
58A-U,Shanipar To Pandavnagar,7.5
58-D,Gokhalenagar To Shanipar,5.6
58P-D,Pandavnagar Senapati Bapat Road To Shanipar,7.8
58P-U,Shanipar To Pandavnagar Senapati Bapat Road,7.8
58-U,Shanipar To Gokhalenagar,5.6
59-D,Niljyoti To Shanipar,6.2
59-U,Shanipar To Niljyoti,6.2
5A-D,Tadiwala Road To Swargate,6.3
5A-U,Swargate To Tadiwala Road,6.3
5-D,Pune Station To Swargate,5.45
5-U,Swargate To Pune Station,5.45
60A-D,Ghulenagar To Natraj Stand,9
60A-U,Natraj Stand To Ghulenagar,9
60-D,Ghulenager To  Shaniwarwada Stand,12
60-U, Shaniwarwada Stand To Ghulenager,12
61-D,Nasrapur To Swargate,32
61-U,Swargate To Nasrapur,32
62A-D,Marketyard To Sangamwadi,10.2
62-D,Sangamwadi To Sukhsagarnagar,15.5
62-U,Sukhsagarnagar To Sangamwadi,15.5
63-D,Kalyaninagar To Swargate,11.5
63-U,Swargate To Kalyaninagar,11.5
64A-D,Warje Malwadi To Swargate,10
64A-U,Swargate To Warje Malwadi,10
64B-D,Gujrat Colony To Upper Depot,11.7
64B-U,Upper Depot To Gujrat Colony,11.7
64C-D,Swargate To Gujrat Colony,6.5
64-D,Warje Malwadi To Hadapsar Gadital,20
64-U,Hadapsar Gadital To Warje Malwadi,20
65A-D,Marketyard To Upper Depo,4.8
65A-U,Upper Depo To Marketyard,4.8
65-D,Maharashtra Housing Board Samtanagar To Upper Depot,16.5
65-U,Upper Depot To Maharashtra Housing Board Samtanagar,16.5
66A-D,Shaniwarwada To Marketyard,6
66A-U,Marketyard To Shaniwarwada,6
66-D,Agalambegaon To Marketyard,29.1
66-U,Marketyard To Agalambegaon,29
67-D,Kharadi Gaon To Swargate,17.2
67-U,Swargate To Kharadi Gaon,17.2
68A-D, Sukhsagarnagar To Kumbare Park,13.5
68A-U,Kumbare Park To Sukhsagarnagar,13.5
68B-D,Venutai Chavan College To Kothrud Depo,15
68B-U,Kothrud Depo To Venutai Chavan College,15
68S-D,Upper Depot To Sutardara,14.8
68S-U,Sutardara To  Upper Depot,14.8
69-D,Ghotawadegaon To Marketyard,31.3
69-U,Marketyard To Ghotawadegaon,31.3
70A-D,Shasakiya Vishramgruha Paudgaon To Deccan Gymkhana,28
70A-U,Deccan Gymkhana To Shasakiya Vishramgruha Paudgaon,28
70B-D,Shasakiya Vishramgruha Paudgaon To Kothrud Depo,22
70B-U,Kothrud Depo To Shasakiya Vishramgruha Paudgaon,22
70C-D,Sheregaon To Kothrud Depo,27.3
70C-U,Kothrud Depo To Sheregaon,27.3
70-D,Sheregaon To Deccan Gymkhana,33.3
70-U,Deccan Gymkhana To Sheregaon,33.3
71-D,Sukhsagarnagar To Kothrud Depot,14.3
71-U,Kothrud Depot To Sukhsagarnagar,14.3
72A-D,Swargate To Upper Depo,5.2
72A-U,Upper Depo To Swargate,5.2
72-D,Kondhwagate To Upper Depot,20.9
72-U,Upper Depot To Kondhwagate,20.9
73-D,Kothrud Depot To Hadapsar Gadital,18.7
73-U,Hadapsar Gadital To Kothrud Depot,18.7
75-D,Vidyanagar To Deccan Gymkhana,13.5
75-U,Deccan Gymkhana To Vidyanagar,13.5
76-D,  Upper Depot To Kumbare Park,13.8
76-U,Kumbare Park To Upper Depot,13.8
77-R,Warje Malwadi To Warje Malwadi,24.5
78A-D,Warje Malwadi To Marketyard,14.2
78A-U,Marketyard To Warje Malwadi,14.2
78-D,Kondhwagate To Marketyard,19.1
78-U,Marketyard To Kondhwagate,19.1
79B-U,Kothrud Depo To Ghotawade Phata,13.9
79C-D,Deccan Gymkhana To Kothrud Depo,6
79C-U,Kothrud Depo To Deccan Gymkhana,6
79-D,Mugawade To Deccan Gymkhana,29.9
79D-D,Deccan Gymkhana To Warje Malwadi,7.9
79D-U,Warje Malwadi To Deccan Gymkhana,7.9
79-U,Deccan Gymkhana To Mugawade,29.9
7A-D,Uruli Kanchan To Hadapsar Gadital,20.8
7A-U,Hadapsar Gadital To Uruli Kanchan,20.8
7B-D,Manjari Kh To Hadapsar Gadital,8.3
7B-U,Hadapsar Gadital To Manjari Kh,8.3
7-D,Uruli Kanchan To Sarasbaug,31.5
7-U,Sarasbaug To Uruli Kanchan,31.5
80A-D,Aditya Garden City To Ma Na Pa,12.3
80A-U,Ma Na Pa To Aditya Garden City,12.3
80B-D,Popularnagar To Ma Na Pa,9.5
80B-U,Ma Na Pa To Popularnagar,9.5
80-D,Cipla Center To Ma Na Pa,10.7
80-U,Ma Na Pa To Cipla Center,10.4
81-D,Pune Station To Kumbare Park,12.9
81-U,Kumbare Park To Pune Station,12.9
82A-D,Ma Na Pa To Warje Malwadi,9.9
82A-U,Warje Malwadi To Ma Na Pa,9.9
82B-D,Kondhwagate To Kothrud Stand,9
82C-U,Kondhwagate To Warje Malwadi,5.6
82D-U,Kothrud Depo To Kondhwagate,23.6
82E-U,Kondhwagate To Ma Na Pa,16.4
82-R,Kondhwagate To Kondhwagate,30.8
84A-D,Kondhur Phata To Deccan Gymkhana,37.4
84A-U,Deccan Gymkhana To Kondhur Phata,37.4
84B-U,Kothrud Stand To Sangrun,24.5
84C-D,Kondhur Phata To Kothrud Stand,33.5
84C-U,Kothrud Stand To Kondhur Phata,33.5
84-D,Sangrun To Deccan Gymkhana,28.4
84-U,Deccan Gymkhana To Sangrun,28.4
85A-U,Khothrud Stand To Mohakarwadi,15.3
85-D,Mohakarwadi To Ma Na Pa,20.8
85-U,Ma Na Pa To Mohakarwadi,20.8
86-R,Kothrud Depot To Kothrud Depot,16.9
87-D,Sutarwadi To Deccan Gymkhana (Vai Bhagvatinagar),12
87-U,Deccan Gymkhana To Sutarwadi (Vai Bhagvatinagar),12
87A-D,Susgaon To Deccan Gymkhana,15
87A-U,Deccan Gymkhana To Susgaon ,15
87B-D,Sutarwadi Pashan To Mandai,10.8
87B-U,Mandai To Sutarwadi Pashan,10.8
87C-D,HMR Company To Deccan Gymkhana,12.5
87C-U,Deccan Gymkhana To HMR Company,12.5
87D-D,Sutarwadi To Deccan Gymkhana (Vai Sai Chowk),12
87D-U,Deccan Gymkhana To Sutarwadi (Vai Sai Chowk),12
87F-D,Balewadi Mhalunge Phata To Deccan Gymkhana,15.5
87F-U,Deccan Gymkhana To Balewadi Mhalunge Phata,15.5
88A-D,Swargate To Medi Point,11.6
88-D,Medi Point To Upper Depot,16.8
88-U,Upper Depot To Medi Point,16.8
89-D,Niljyoti To Swargate,7.5
89-U,Swargate To Niljyoti,7.5
8-D,Mhatobachi Alandi To Hadapsar Gadital,19
8-U,Hadapsar Gadital To Mhatobachi Alandi,19
90-D,Gokhalenagar To Swargate,7.3
90P-D,Pandavnagar Senapati Bapat Road To Swargate,9
90P-U,Swargate To Pandavnagar Senapati Bapat Road,9
90-U,Swargate To Gokhalenagar,7.3
91-D,Ishanyanagari To Ma Na Pa,9
91-U,Ma Na Pa To Ishanyanagari,9
92-D,Pune Station To Gujrat Colony,9.5
92-U,Gujrat Colony To Pune Station,9.5
93-D,Pimplenilakh To Deccan Gymkhana,12.6
93-U,Deccan Gymkhana To Pimplenilakh,12.6
94A-D,Vadgaonsheri To Kumbre park,19.1
94A-U,Kumbre park To Vadgaonsheri,19.1
94B-U,Kumbare Park To Pune Station,11.2
94-D,Pune Station To Kothrud Depot,11.4
94-U,Kothrud Depot To Pune Station,11.4
95A-D, Pimplegurav To Gujrat Colony,18.2
95A-U,Gujrat Colony To  Pimplegurav,18.2
95-D,Pimplegurav To Kothrud Depot,21.1
95-U,Kothrud Depot To Pimplegurav,21.1
96-D,Gharkul Vasahat Warje To Pimplegurav,23.3
96-U,Pimplegurav To Gharkul Vasahat Warje,23.3
97-D,Sahkarnagar To Warje Malwadi,12.5
97-U,Warje Malwadi To Sahkarnagar,12.5
9-D,Uruli Railway Station To Hadapsar Gadital,27.1
9-U,Hadapsar Gadital To Uruli Railway Station,27.1
VJR1-D,Dhayari Maruti Mandir To Hadapsar Gadital,21.7
VJR1-U,Hadapsar Gadital To Dhayari Maruti Mandir,21.7
VJR2-D,Kesnand Phata To Warje Malwadi,29.4
VJR2-U,Warje Malwadi To Kesnand Phata,29.4
VJR3-D,Hadapsar Gadital To Kothrud Depot,17.9
VJR3-U,Kothrud Depot To Hadapsar Gadital,17.9
VJR4-D,Vishrantwadi To Kothrud Depot,15.9
VJR4-U,Kothrud Depot To Vishrantwadi,15.9
VJR5-D,Mukai Chowk To Ma Na Pa,20.6
VJR5-U,Ma Na Pa To Mukai Chowk,20.6
VJR6-D,Hinjawadi Maan Phase 3 To Bhosari,24
VJR6-U,Bhosari To Hinjawadi Maan Phase 3,24
VJR2A-U,Kothrud Stand To Kesnand Phata,25.4
14A-D,Kesnand Phata To Swargate ,19.4
14A-U,Swargate  To Kesnand Phata,19.4
58B-U,Swargate To Police Ground,4.5
58B-D,Police Ground To Swargate ,4.5
103D-U,Katraj To MIT College,12.5
103D-D,MIT College To Katraj,12.5
363B-D,Sainagar Mamurdi To Nigdi,8.5
363B-U,Nigdi To Sainagar Mamurdi,8.5
293S-U,Salunke Vihar To Khed Shivapur,21.9
293S-D,Khed Shivapur To Salunke Vihar,21.9
139S-U,Salunke Vihar To Bhakti Shakti,26.5
139S-D,Bhakti Shakti To  Salunke Vihar,26.5
135 NGT-D,Kesnand Phata To Pune Station,15.3
135 NGT-U,Pune Station To Kesnand Phata ,15.3
117 NGT-D,Dhayari Gaon To Swargate,9.3
117 NGT-U,Swargate To Dhayari Gaon,9.3
174 NGT-D,Kondhwa Gate To Pune Station,18.8
174 NGT-U,Pune Station To Kondhwa Gate,18.8
348 NGT-D, Bhakti Shakti To Pune Station,24
348 NGT-U,Pune Station To Bhakti Shakti,24
12 NGT-D,Bhakti Shakti To  Swargate,23
12 NGT-U,Swargate To Bhakti Shakti,23
158B-U,Ma Na Pa To  D.Y. Patil Vidhypith Lohgaon,17.9
158B-D,D.Y. Patil Vidhypith Lohgaon To Ma Na Pa,17.9
19D-U,Trinity College To Shivajinagar,18.1
19D-D,Shivajinagar To Trinity College,18.1
253-D,Vidyanagar To  Upper Depot,22.8
253-U,Upper Depot To Vidyanagar,22.8
